Channel,CommandLine,Company,Computer,CreationUtcTime,CurrentDirectory,Description,EventID,EventRecordID,FileVersion,Hashes,Image,IntegrityLevel,Keywords,Level,LogonGuid,LogonId,Message,Opcode,OriginalFileName,ParentCommandLine,ParentImage,ParentProcessGuid,ParentProcessId,ParentUser,ProcessGuid,ProcessID,ProcessId,Product,QueryName,QueryResults,QueryStatus,RenderingInfo,RuleName,SystemTime,TargetFilename,Task,TerminalSessionId,ThreadID,User,UserID,UtcTime,Version,raw
Microsoft-Windows-Sysmon/Operational,,,WinDev2309Eval,2023-12-27 20:42:38.490,,,11,19575,,,C:\Windows\System32\WindowsPowerShell\v1.0\powershell.exe,,0x8000000000000000,Information,,,"File created:

RuleName: -

UtcTime: 2023-12-27 20:42:38.490

ProcessGuid: {f57bd86a-8c3e-658c-c601-000000000f00}

ProcessId: 8860

Image: C:\Windows\System32\WindowsPowerShell\v1.0\powershell.exe

TargetFilename: C:\Users\User\AppData\Local\Temp\__PSScriptPolicyTest_zpczdcdo.oid.ps1

CreationUtcTime: 2023-12-27 20:42:38.490

User: WINDEV2309EVAL\User",Info,,,,,,,{f57bd86a-8c3e-658c-c601-000000000f00},3588,8860,,,,,"
      ",-,2023-12-27T20:42:38.5021169Z,C:\Users\User\AppData\Local\Temp\__PSScriptPolicyTest_zpczdcdo.oid.ps1,File created (rule: FileCreate),,5124,WINDEV2309EVAL\User,S-1-5-18,2023-12-27 20:42:38.490,2,"<Event xmlns=""http://schemas.microsoft.com/win/2004/08/events/event"">
    <System>
      <Provider Name=""Microsoft-Windows-Sysmon"" Guid=""{5770385f-c22a-43e0-bf4c-06f5698ffbd9}""/>
      <EventID>11</EventID>
      <Version>2</Version>
      <Level>4</Level>
      <Task>11</Task>
      <Opcode>0</Opcode>
      <Keywords>0x8000000000000000</Keywords>
      <TimeCreated SystemTime=""2023-12-27T20:42:38.5021169Z""/>
      <EventRecordID>19575</EventRecordID>
      <Correlation/>
      <Execution ProcessID=""3588"" ThreadID=""5124""/>
      <Channel>Microsoft-Windows-Sysmon/Operational</Channel>
      <Computer>WinDev2309Eval</Computer>
      <Security UserID=""S-1-5-18""/>
    </System>
    <EventData>
      <Data Name=""RuleName"">-</Data>
      <Data Name=""UtcTime"">2023-12-27 20:42:38.490</Data>
      <Data Name=""ProcessGuid"">{f57bd86a-8c3e-658c-c601-000000000f00}</Data>
      <Data Name=""ProcessId"">8860</Data>
      <Data Name=""Image"">C:\Windows\System32\WindowsPowerShell\v1.0\powershell.exe</Data>
      <Data Name=""TargetFilename"">C:\Users\User\AppData\Local\Temp\__PSScriptPolicyTest_zpczdcdo.oid.ps1</Data>
      <Data Name=""CreationUtcTime"">2023-12-27 20:42:38.490</Data>
      <Data Name=""User"">WINDEV2309EVAL\User</Data>
    </EventData>
    <RenderingInfo Culture=""en-US"">
      <Message>File created:

RuleName: -

UtcTime: 2023-12-27 20:42:38.490

ProcessGuid: {f57bd86a-8c3e-658c-c601-000000000f00}

ProcessId: 8860

Image: C:\Windows\System32\WindowsPowerShell\v1.0\powershell.exe

TargetFilename: C:\Users\User\AppData\Local\Temp\__PSScriptPolicyTest_zpczdcdo.oid.ps1

CreationUtcTime: 2023-12-27 20:42:38.490

User: WINDEV2309EVAL\User</Message>
      <Level>Information</Level>
      <Task>File created (rule: FileCreate)</Task>
      <Opcode>Info</Opcode>
    </RenderingInfo>
  </Event>
  
"
Microsoft-Windows-Sysmon/Operational,"""powershell.exe"" & {Import-Module MSOnline
Import-Module AzureAD
$password = ConvertTo-SecureString -String \""""p4sswd\"""" -AsPlainText -Force
$credential = New-Object -TypeName System.Management.Automation.PSCredential -ArgumentList \""""jonh@contoso.com\"""", $password
$targetsecurepw = ConvertTo-SecureString -String \""""Ohn05GeMe#$\"""" -AsPlainText -Force
Connect-MsolService -Credential $credential -ErrorAction:SilentlyContinue
Connect-AzureAD -Credential $credential -ErrorAction:SilentlyContinue

#Saving the ObjectId of the target_user into a variable
$target_objid = Get-AzureADUser -filter \""""userPrincipalName eq 'default'\"""" | Select-Object -ExpandProperty ObjectId

#Reset the password of the target_user
Set-AzureADUserPassword -ObjectId  $target_objid -Password $targetsecurepw -ErrorAction:SilentlyContinue

#Adding target_user
Add-MsolRoleMember -RoleName \""""Company Administrator\"""" -RoleMemberEmailAddress \""""default\""""
Add-MsolRoleMember -RoleName \""""Global Reader\"""" -RoleMemberEmailAddress \""""default\""""}",Microsoft Corporation,WinDev2309Eval,,C:\Users\User\AppData\Local\Temp\,Windows PowerShell,1,19574,10.0.22621.2506 (WinBuild.160101.0800),"MD5=2D1D70C92A419D9079B047954C611886,SHA256=C50057756CDB25D481CF2502ABCEF124F864C27618C5057468BFC6B82B2C4EDD,IMPHASH=E09C4F82A1DA13A09F4FF2E625FEBA20",C:\Windows\System32\WindowsPowerShell\v1.0\powershell.exe,Medium,0x8000000000000000,Information,{f57bd86a-36f9-658c-7bf8-020000000000},0x2f87b,"Process Create:

RuleName: -

UtcTime: 2023-12-27 20:42:38.379

ProcessGuid: {f57bd86a-8c3e-658c-c601-000000000f00}

ProcessId: 8860

Image: C:\Windows\System32\WindowsPowerShell\v1.0\powershell.exe

FileVersion: 10.0.22621.2506 (WinBuild.160101.0800)

Description: Windows PowerShell

Product: Microsoft® Windows® Operating System

Company: Microsoft Corporation

OriginalFileName: PowerShell.EXE

CommandLine: ""powershell.exe"" & {Import-Module MSOnline
Import-Module AzureAD
$password = ConvertTo-SecureString -String \""""p4sswd\"""" -AsPlainText -Force
$credential = New-Object -TypeName System.Management.Automation.PSCredential -ArgumentList \""""jonh@contoso.com\"""", $password
$targetsecurepw = ConvertTo-SecureString -String \""""Ohn05GeMe#$\"""" -AsPlainText -Force
Connect-MsolService -Credential $credential -ErrorAction:SilentlyContinue
Connect-AzureAD -Credential $credential -ErrorAction:SilentlyContinue

#Saving the ObjectId of the target_user into a variable
$target_objid = Get-AzureADUser -filter \""""userPrincipalName eq 'default'\"""" | Select-Object -ExpandProperty ObjectId

#Reset the password of the target_user
Set-AzureADUserPassword -ObjectId  $target_objid -Password $targetsecurepw -ErrorAction:SilentlyContinue

#Adding target_user
Add-MsolRoleMember -RoleName \""""Company Administrator\"""" -RoleMemberEmailAddress \""""default\""""
Add-MsolRoleMember -RoleName \""""Global Reader\"""" -RoleMemberEmailAddress \""""default\""""}

CurrentDirectory: C:\Users\User\AppData\Local\Temp\

User: WINDEV2309EVAL\User

LogonGuid: {f57bd86a-36f9-658c-7bf8-020000000000}

LogonId: 0x2F87B

TerminalSessionId: 1

IntegrityLevel: Medium

Hashes: MD5=2D1D70C92A419D9079B047954C611886,SHA256=C50057756CDB25D481CF2502ABCEF124F864C27618C5057468BFC6B82B2C4EDD,IMPHASH=E09C4F82A1DA13A09F4FF2E625FEBA20

ParentProcessGuid: {00000000-0000-0000-0000-000000000000}

ParentProcessId: 1688

ParentImage: -

ParentCommandLine: -

ParentUser: -",Info,PowerShell.EXE,-,-,{00000000-0000-0000-0000-000000000000},1688,-,{f57bd86a-8c3e-658c-c601-000000000f00},3588,8860,Microsoft® Windows® Operating System,,,,"
      ",-,2023-12-27T20:42:38.3820167Z,,Process Create (rule: ProcessCreate),1,5124,WINDEV2309EVAL\User,S-1-5-18,2023-12-27 20:42:38.379,5,"<Event xmlns=""http://schemas.microsoft.com/win/2004/08/events/event"">
    <System>
      <Provider Name=""Microsoft-Windows-Sysmon"" Guid=""{5770385f-c22a-43e0-bf4c-06f5698ffbd9}""/>
      <EventID>1</EventID>
      <Version>5</Version>
      <Level>4</Level>
      <Task>1</Task>
      <Opcode>0</Opcode>
      <Keywords>0x8000000000000000</Keywords>
      <TimeCreated SystemTime=""2023-12-27T20:42:38.3820167Z""/>
      <EventRecordID>19574</EventRecordID>
      <Correlation/>
      <Execution ProcessID=""3588"" ThreadID=""5124""/>
      <Channel>Microsoft-Windows-Sysmon/Operational</Channel>
      <Computer>WinDev2309Eval</Computer>
      <Security UserID=""S-1-5-18""/>
    </System>
    <EventData>
      <Data Name=""RuleName"">-</Data>
      <Data Name=""UtcTime"">2023-12-27 20:42:38.379</Data>
      <Data Name=""ProcessGuid"">{f57bd86a-8c3e-658c-c601-000000000f00}</Data>
      <Data Name=""ProcessId"">8860</Data>
      <Data Name=""Image"">C:\Windows\System32\WindowsPowerShell\v1.0\powershell.exe</Data>
      <Data Name=""FileVersion"">10.0.22621.2506 (WinBuild.160101.0800)</Data>
      <Data Name=""Description"">Windows PowerShell</Data>
      <Data Name=""Product"">Microsoft&#174; Windows&#174; Operating System</Data>
      <Data Name=""Company"">Microsoft Corporation</Data>
      <Data Name=""OriginalFileName"">PowerShell.EXE</Data>
      <Data Name=""CommandLine"">""powershell.exe"" &amp; {Import-Module MSOnline
Import-Module AzureAD
$password = ConvertTo-SecureString -String \""""p4sswd\"""" -AsPlainText -Force
$credential = New-Object -TypeName System.Management.Automation.PSCredential -ArgumentList \""""jonh@contoso.com\"""", $password
$targetsecurepw = ConvertTo-SecureString -String \""""Ohn05GeMe#$\"""" -AsPlainText -Force
Connect-MsolService -Credential $credential -ErrorAction:SilentlyContinue
Connect-AzureAD -Credential $credential -ErrorAction:SilentlyContinue

#Saving the ObjectId of the target_user into a variable
$target_objid = Get-AzureADUser -filter \""""userPrincipalName eq 'default'\"""" | Select-Object -ExpandProperty ObjectId

#Reset the password of the target_user
Set-AzureADUserPassword -ObjectId  $target_objid -Password $targetsecurepw -ErrorAction:SilentlyContinue

#Adding target_user
Add-MsolRoleMember -RoleName \""""Company Administrator\"""" -RoleMemberEmailAddress \""""default\""""
Add-MsolRoleMember -RoleName \""""Global Reader\"""" -RoleMemberEmailAddress \""""default\""""}</Data>
      <Data Name=""CurrentDirectory"">C:\Users\User\AppData\Local\Temp\</Data>
      <Data Name=""User"">WINDEV2309EVAL\User</Data>
      <Data Name=""LogonGuid"">{f57bd86a-36f9-658c-7bf8-020000000000}</Data>
      <Data Name=""LogonId"">0x2f87b</Data>
      <Data Name=""TerminalSessionId"">1</Data>
      <Data Name=""IntegrityLevel"">Medium</Data>
      <Data Name=""Hashes"">MD5=2D1D70C92A419D9079B047954C611886,SHA256=C50057756CDB25D481CF2502ABCEF124F864C27618C5057468BFC6B82B2C4EDD,IMPHASH=E09C4F82A1DA13A09F4FF2E625FEBA20</Data>
      <Data Name=""ParentProcessGuid"">{00000000-0000-0000-0000-000000000000}</Data>
      <Data Name=""ParentProcessId"">1688</Data>
      <Data Name=""ParentImage"">-</Data>
      <Data Name=""ParentCommandLine"">-</Data>
      <Data Name=""ParentUser"">-</Data>
    </EventData>
    <RenderingInfo Culture=""en-US"">
      <Message>Process Create:

RuleName: -

UtcTime: 2023-12-27 20:42:38.379

ProcessGuid: {f57bd86a-8c3e-658c-c601-000000000f00}

ProcessId: 8860

Image: C:\Windows\System32\WindowsPowerShell\v1.0\powershell.exe

FileVersion: 10.0.22621.2506 (WinBuild.160101.0800)

Description: Windows PowerShell

Product: Microsoft&#174; Windows&#174; Operating System

Company: Microsoft Corporation

OriginalFileName: PowerShell.EXE

CommandLine: ""powershell.exe"" &amp; {Import-Module MSOnline
Import-Module AzureAD
$password = ConvertTo-SecureString -String \""""p4sswd\"""" -AsPlainText -Force
$credential = New-Object -TypeName System.Management.Automation.PSCredential -ArgumentList \""""jonh@contoso.com\"""", $password
$targetsecurepw = ConvertTo-SecureString -String \""""Ohn05GeMe#$\"""" -AsPlainText -Force
Connect-MsolService -Credential $credential -ErrorAction:SilentlyContinue
Connect-AzureAD -Credential $credential -ErrorAction:SilentlyContinue

#Saving the ObjectId of the target_user into a variable
$target_objid = Get-AzureADUser -filter \""""userPrincipalName eq 'default'\"""" | Select-Object -ExpandProperty ObjectId

#Reset the password of the target_user
Set-AzureADUserPassword -ObjectId  $target_objid -Password $targetsecurepw -ErrorAction:SilentlyContinue

#Adding target_user
Add-MsolRoleMember -RoleName \""""Company Administrator\"""" -RoleMemberEmailAddress \""""default\""""
Add-MsolRoleMember -RoleName \""""Global Reader\"""" -RoleMemberEmailAddress \""""default\""""}

CurrentDirectory: C:\Users\User\AppData\Local\Temp\

User: WINDEV2309EVAL\User

LogonGuid: {f57bd86a-36f9-658c-7bf8-020000000000}

LogonId: 0x2F87B

TerminalSessionId: 1

IntegrityLevel: Medium

Hashes: MD5=2D1D70C92A419D9079B047954C611886,SHA256=C50057756CDB25D481CF2502ABCEF124F864C27618C5057468BFC6B82B2C4EDD,IMPHASH=E09C4F82A1DA13A09F4FF2E625FEBA20

ParentProcessGuid: {00000000-0000-0000-0000-000000000000}

ParentProcessId: 1688

ParentImage: -

ParentCommandLine: -

ParentUser: -</Message>
      <Level>Information</Level>
      <Task>Process Create (rule: ProcessCreate)</Task>
      <Opcode>Info</Opcode>
    </RenderingInfo>
  </Event>
  
"
Microsoft-Windows-Sysmon/Operational,,,WinDev2309Eval,2023-12-27 20:42:35.205,,,11,19573,,,C:\Windows\System32\WindowsPowerShell\v1.0\powershell.exe,,0x8000000000000000,Information,,,"File created:

RuleName: -

UtcTime: 2023-12-27 20:42:35.205

ProcessGuid: {f57bd86a-8c3b-658c-c401-000000000f00}

ProcessId: 2268

Image: C:\Windows\System32\WindowsPowerShell\v1.0\powershell.exe

TargetFilename: C:\Users\User\AppData\Local\Temp\__PSScriptPolicyTest_v05t5esf.yjv.ps1

CreationUtcTime: 2023-12-27 20:42:35.205

User: WINDEV2309EVAL\User",Info,,,,,,,{f57bd86a-8c3b-658c-c401-000000000f00},3588,2268,,,,,"
      ",-,2023-12-27T20:42:35.2145710Z,C:\Users\User\AppData\Local\Temp\__PSScriptPolicyTest_v05t5esf.yjv.ps1,File created (rule: FileCreate),,5124,WINDEV2309EVAL\User,S-1-5-18,2023-12-27 20:42:35.205,2,"<Event xmlns=""http://schemas.microsoft.com/win/2004/08/events/event"">
    <System>
      <Provider Name=""Microsoft-Windows-Sysmon"" Guid=""{5770385f-c22a-43e0-bf4c-06f5698ffbd9}""/>
      <EventID>11</EventID>
      <Version>2</Version>
      <Level>4</Level>
      <Task>11</Task>
      <Opcode>0</Opcode>
      <Keywords>0x8000000000000000</Keywords>
      <TimeCreated SystemTime=""2023-12-27T20:42:35.2145710Z""/>
      <EventRecordID>19573</EventRecordID>
      <Correlation/>
      <Execution ProcessID=""3588"" ThreadID=""5124""/>
      <Channel>Microsoft-Windows-Sysmon/Operational</Channel>
      <Computer>WinDev2309Eval</Computer>
      <Security UserID=""S-1-5-18""/>
    </System>
    <EventData>
      <Data Name=""RuleName"">-</Data>
      <Data Name=""UtcTime"">2023-12-27 20:42:35.205</Data>
      <Data Name=""ProcessGuid"">{f57bd86a-8c3b-658c-c401-000000000f00}</Data>
      <Data Name=""ProcessId"">2268</Data>
      <Data Name=""Image"">C:\Windows\System32\WindowsPowerShell\v1.0\powershell.exe</Data>
      <Data Name=""TargetFilename"">C:\Users\User\AppData\Local\Temp\__PSScriptPolicyTest_v05t5esf.yjv.ps1</Data>
      <Data Name=""CreationUtcTime"">2023-12-27 20:42:35.205</Data>
      <Data Name=""User"">WINDEV2309EVAL\User</Data>
    </EventData>
    <RenderingInfo Culture=""en-US"">
      <Message>File created:

RuleName: -

UtcTime: 2023-12-27 20:42:35.205

ProcessGuid: {f57bd86a-8c3b-658c-c401-000000000f00}

ProcessId: 2268

Image: C:\Windows\System32\WindowsPowerShell\v1.0\powershell.exe

TargetFilename: C:\Users\User\AppData\Local\Temp\__PSScriptPolicyTest_v05t5esf.yjv.ps1

CreationUtcTime: 2023-12-27 20:42:35.205

User: WINDEV2309EVAL\User</Message>
      <Level>Information</Level>
      <Task>File created (rule: FileCreate)</Task>
      <Opcode>Info</Opcode>
    </RenderingInfo>
  </Event>
  
"
Microsoft-Windows-Sysmon/Operational,"""powershell.exe"" & {Import-Module MSOnline
$Password = ConvertTo-SecureString -String \""""p4sswd\"""" -AsPlainText -Force
$Credential = New-Object -TypeName System.Management.Automation.PSCredential -ArgumentList \""""jonh@contoso.com\"""", $Password
Connect-MsolService -Credential $Credential
Add-MsolRoleMember -RoleName \""""Company Administrator\"""" -RoleMemberEmailAddress \""""default\""""}",Microsoft Corporation,WinDev2309Eval,,C:\Users\User\AppData\Local\Temp\,Windows PowerShell,1,19572,10.0.22621.2506 (WinBuild.160101.0800),"MD5=2D1D70C92A419D9079B047954C611886,SHA256=C50057756CDB25D481CF2502ABCEF124F864C27618C5057468BFC6B82B2C4EDD,IMPHASH=E09C4F82A1DA13A09F4FF2E625FEBA20",C:\Windows\System32\WindowsPowerShell\v1.0\powershell.exe,Medium,0x8000000000000000,Information,{f57bd86a-36f9-658c-7bf8-020000000000},0x2f87b,"Process Create:

RuleName: -

UtcTime: 2023-12-27 20:42:35.061

ProcessGuid: {f57bd86a-8c3b-658c-c401-000000000f00}

ProcessId: 2268

Image: C:\Windows\System32\WindowsPowerShell\v1.0\powershell.exe

FileVersion: 10.0.22621.2506 (WinBuild.160101.0800)

Description: Windows PowerShell

Product: Microsoft® Windows® Operating System

Company: Microsoft Corporation

OriginalFileName: PowerShell.EXE

CommandLine: ""powershell.exe"" & {Import-Module MSOnline
$Password = ConvertTo-SecureString -String \""""p4sswd\"""" -AsPlainText -Force
$Credential = New-Object -TypeName System.Management.Automation.PSCredential -ArgumentList \""""jonh@contoso.com\"""", $Password
Connect-MsolService -Credential $Credential
Add-MsolRoleMember -RoleName \""""Company Administrator\"""" -RoleMemberEmailAddress \""""default\""""}

CurrentDirectory: C:\Users\User\AppData\Local\Temp\

User: WINDEV2309EVAL\User

LogonGuid: {f57bd86a-36f9-658c-7bf8-020000000000}

LogonId: 0x2F87B

TerminalSessionId: 1

IntegrityLevel: Medium

Hashes: MD5=2D1D70C92A419D9079B047954C611886,SHA256=C50057756CDB25D481CF2502ABCEF124F864C27618C5057468BFC6B82B2C4EDD,IMPHASH=E09C4F82A1DA13A09F4FF2E625FEBA20

ParentProcessGuid: {00000000-0000-0000-0000-000000000000}

ParentProcessId: 1688

ParentImage: -

ParentCommandLine: -

ParentUser: -",Info,PowerShell.EXE,-,-,{00000000-0000-0000-0000-000000000000},1688,-,{f57bd86a-8c3b-658c-c401-000000000f00},3588,2268,Microsoft® Windows® Operating System,,,,"
      ",-,2023-12-27T20:42:35.0632424Z,,Process Create (rule: ProcessCreate),1,5124,WINDEV2309EVAL\User,S-1-5-18,2023-12-27 20:42:35.061,5,"<Event xmlns=""http://schemas.microsoft.com/win/2004/08/events/event"">
    <System>
      <Provider Name=""Microsoft-Windows-Sysmon"" Guid=""{5770385f-c22a-43e0-bf4c-06f5698ffbd9}""/>
      <EventID>1</EventID>
      <Version>5</Version>
      <Level>4</Level>
      <Task>1</Task>
      <Opcode>0</Opcode>
      <Keywords>0x8000000000000000</Keywords>
      <TimeCreated SystemTime=""2023-12-27T20:42:35.0632424Z""/>
      <EventRecordID>19572</EventRecordID>
      <Correlation/>
      <Execution ProcessID=""3588"" ThreadID=""5124""/>
      <Channel>Microsoft-Windows-Sysmon/Operational</Channel>
      <Computer>WinDev2309Eval</Computer>
      <Security UserID=""S-1-5-18""/>
    </System>
    <EventData>
      <Data Name=""RuleName"">-</Data>
      <Data Name=""UtcTime"">2023-12-27 20:42:35.061</Data>
      <Data Name=""ProcessGuid"">{f57bd86a-8c3b-658c-c401-000000000f00}</Data>
      <Data Name=""ProcessId"">2268</Data>
      <Data Name=""Image"">C:\Windows\System32\WindowsPowerShell\v1.0\powershell.exe</Data>
      <Data Name=""FileVersion"">10.0.22621.2506 (WinBuild.160101.0800)</Data>
      <Data Name=""Description"">Windows PowerShell</Data>
      <Data Name=""Product"">Microsoft&#174; Windows&#174; Operating System</Data>
      <Data Name=""Company"">Microsoft Corporation</Data>
      <Data Name=""OriginalFileName"">PowerShell.EXE</Data>
      <Data Name=""CommandLine"">""powershell.exe"" &amp; {Import-Module MSOnline
$Password = ConvertTo-SecureString -String \""""p4sswd\"""" -AsPlainText -Force
$Credential = New-Object -TypeName System.Management.Automation.PSCredential -ArgumentList \""""jonh@contoso.com\"""", $Password
Connect-MsolService -Credential $Credential
Add-MsolRoleMember -RoleName \""""Company Administrator\"""" -RoleMemberEmailAddress \""""default\""""}</Data>
      <Data Name=""CurrentDirectory"">C:\Users\User\AppData\Local\Temp\</Data>
      <Data Name=""User"">WINDEV2309EVAL\User</Data>
      <Data Name=""LogonGuid"">{f57bd86a-36f9-658c-7bf8-020000000000}</Data>
      <Data Name=""LogonId"">0x2f87b</Data>
      <Data Name=""TerminalSessionId"">1</Data>
      <Data Name=""IntegrityLevel"">Medium</Data>
      <Data Name=""Hashes"">MD5=2D1D70C92A419D9079B047954C611886,SHA256=C50057756CDB25D481CF2502ABCEF124F864C27618C5057468BFC6B82B2C4EDD,IMPHASH=E09C4F82A1DA13A09F4FF2E625FEBA20</Data>
      <Data Name=""ParentProcessGuid"">{00000000-0000-0000-0000-000000000000}</Data>
      <Data Name=""ParentProcessId"">1688</Data>
      <Data Name=""ParentImage"">-</Data>
      <Data Name=""ParentCommandLine"">-</Data>
      <Data Name=""ParentUser"">-</Data>
    </EventData>
    <RenderingInfo Culture=""en-US"">
      <Message>Process Create:

RuleName: -

UtcTime: 2023-12-27 20:42:35.061

ProcessGuid: {f57bd86a-8c3b-658c-c401-000000000f00}

ProcessId: 2268

Image: C:\Windows\System32\WindowsPowerShell\v1.0\powershell.exe

FileVersion: 10.0.22621.2506 (WinBuild.160101.0800)

Description: Windows PowerShell

Product: Microsoft&#174; Windows&#174; Operating System

Company: Microsoft Corporation

OriginalFileName: PowerShell.EXE

CommandLine: ""powershell.exe"" &amp; {Import-Module MSOnline
$Password = ConvertTo-SecureString -String \""""p4sswd\"""" -AsPlainText -Force
$Credential = New-Object -TypeName System.Management.Automation.PSCredential -ArgumentList \""""jonh@contoso.com\"""", $Password
Connect-MsolService -Credential $Credential
Add-MsolRoleMember -RoleName \""""Company Administrator\"""" -RoleMemberEmailAddress \""""default\""""}

CurrentDirectory: C:\Users\User\AppData\Local\Temp\

User: WINDEV2309EVAL\User

LogonGuid: {f57bd86a-36f9-658c-7bf8-020000000000}

LogonId: 0x2F87B

TerminalSessionId: 1

IntegrityLevel: Medium

Hashes: MD5=2D1D70C92A419D9079B047954C611886,SHA256=C50057756CDB25D481CF2502ABCEF124F864C27618C5057468BFC6B82B2C4EDD,IMPHASH=E09C4F82A1DA13A09F4FF2E625FEBA20

ParentProcessGuid: {00000000-0000-0000-0000-000000000000}

ParentProcessId: 1688

ParentImage: -

ParentCommandLine: -

ParentUser: -</Message>
      <Level>Information</Level>
      <Task>Process Create (rule: ProcessCreate)</Task>
      <Opcode>Info</Opcode>
    </RenderingInfo>
  </Event>
  
"
Microsoft-Windows-Sysmon/Operational,"""C:\Windows\system32\whoami.exe""",Microsoft Corporation,WinDev2309Eval,,C:\Users\User\,whoami - displays logged on user information,1,19571,10.0.22621.1 (WinBuild.160101.0800),"MD5=E0F37DB23E4F3163159A815610DF8CF2,SHA256=574BC2A2995FE2B1F732CCD39F2D99460ACE980AF29EFDF1EB0D3E888BE7D6F0,IMPHASH=62935820E434AF643547B7F5F5BD0292",C:\Windows\System32\whoami.exe,Medium,0x8000000000000000,Information,{f57bd86a-36f9-658c-7bf8-020000000000},0x2f87b,"Process Create:

RuleName: -

UtcTime: 2023-12-27 20:42:33.923

ProcessGuid: {f57bd86a-8c39-658c-c301-000000000f00}

ProcessId: 2724

Image: C:\Windows\System32\whoami.exe

FileVersion: 10.0.22621.1 (WinBuild.160101.0800)

Description: whoami - displays logged on user information

Product: Microsoft® Windows® Operating System

Company: Microsoft Corporation

OriginalFileName: whoami.exe

CommandLine: ""C:\Windows\system32\whoami.exe""

CurrentDirectory: C:\Users\User\

User: WINDEV2309EVAL\User

LogonGuid: {f57bd86a-36f9-658c-7bf8-020000000000}

LogonId: 0x2F87B

TerminalSessionId: 1

IntegrityLevel: Medium

Hashes: MD5=E0F37DB23E4F3163159A815610DF8CF2,SHA256=574BC2A2995FE2B1F732CCD39F2D99460ACE980AF29EFDF1EB0D3E888BE7D6F0,IMPHASH=62935820E434AF643547B7F5F5BD0292

ParentProcessGuid: {00000000-0000-0000-0000-000000000000}

ParentProcessId: 1688

ParentImage: -

ParentCommandLine: -

ParentUser: -",Info,whoami.exe,-,-,{00000000-0000-0000-0000-000000000000},1688,-,{f57bd86a-8c39-658c-c301-000000000f00},3588,2724,Microsoft® Windows® Operating System,,,,"
      ",-,2023-12-27T20:42:33.9259167Z,,Process Create (rule: ProcessCreate),1,5124,WINDEV2309EVAL\User,S-1-5-18,2023-12-27 20:42:33.923,5,"<Event xmlns=""http://schemas.microsoft.com/win/2004/08/events/event"">
    <System>
      <Provider Name=""Microsoft-Windows-Sysmon"" Guid=""{5770385f-c22a-43e0-bf4c-06f5698ffbd9}""/>
      <EventID>1</EventID>
      <Version>5</Version>
      <Level>4</Level>
      <Task>1</Task>
      <Opcode>0</Opcode>
      <Keywords>0x8000000000000000</Keywords>
      <TimeCreated SystemTime=""2023-12-27T20:42:33.9259167Z""/>
      <EventRecordID>19571</EventRecordID>
      <Correlation/>
      <Execution ProcessID=""3588"" ThreadID=""5124""/>
      <Channel>Microsoft-Windows-Sysmon/Operational</Channel>
      <Computer>WinDev2309Eval</Computer>
      <Security UserID=""S-1-5-18""/>
    </System>
    <EventData>
      <Data Name=""RuleName"">-</Data>
      <Data Name=""UtcTime"">2023-12-27 20:42:33.923</Data>
      <Data Name=""ProcessGuid"">{f57bd86a-8c39-658c-c301-000000000f00}</Data>
      <Data Name=""ProcessId"">2724</Data>
      <Data Name=""Image"">C:\Windows\System32\whoami.exe</Data>
      <Data Name=""FileVersion"">10.0.22621.1 (WinBuild.160101.0800)</Data>
      <Data Name=""Description"">whoami - displays logged on user information</Data>
      <Data Name=""Product"">Microsoft&#174; Windows&#174; Operating System</Data>
      <Data Name=""Company"">Microsoft Corporation</Data>
      <Data Name=""OriginalFileName"">whoami.exe</Data>
      <Data Name=""CommandLine"">""C:\Windows\system32\whoami.exe""</Data>
      <Data Name=""CurrentDirectory"">C:\Users\User\</Data>
      <Data Name=""User"">WINDEV2309EVAL\User</Data>
      <Data Name=""LogonGuid"">{f57bd86a-36f9-658c-7bf8-020000000000}</Data>
      <Data Name=""LogonId"">0x2f87b</Data>
      <Data Name=""TerminalSessionId"">1</Data>
      <Data Name=""IntegrityLevel"">Medium</Data>
      <Data Name=""Hashes"">MD5=E0F37DB23E4F3163159A815610DF8CF2,SHA256=574BC2A2995FE2B1F732CCD39F2D99460ACE980AF29EFDF1EB0D3E888BE7D6F0,IMPHASH=62935820E434AF643547B7F5F5BD0292</Data>
      <Data Name=""ParentProcessGuid"">{00000000-0000-0000-0000-000000000000}</Data>
      <Data Name=""ParentProcessId"">1688</Data>
      <Data Name=""ParentImage"">-</Data>
      <Data Name=""ParentCommandLine"">-</Data>
      <Data Name=""ParentUser"">-</Data>
    </EventData>
    <RenderingInfo Culture=""en-US"">
      <Message>Process Create:

RuleName: -

UtcTime: 2023-12-27 20:42:33.923

ProcessGuid: {f57bd86a-8c39-658c-c301-000000000f00}

ProcessId: 2724

Image: C:\Windows\System32\whoami.exe

FileVersion: 10.0.22621.1 (WinBuild.160101.0800)

Description: whoami - displays logged on user information

Product: Microsoft&#174; Windows&#174; Operating System

Company: Microsoft Corporation

OriginalFileName: whoami.exe

CommandLine: ""C:\Windows\system32\whoami.exe""

CurrentDirectory: C:\Users\User\

User: WINDEV2309EVAL\User

LogonGuid: {f57bd86a-36f9-658c-7bf8-020000000000}

LogonId: 0x2F87B

TerminalSessionId: 1

IntegrityLevel: Medium

Hashes: MD5=E0F37DB23E4F3163159A815610DF8CF2,SHA256=574BC2A2995FE2B1F732CCD39F2D99460ACE980AF29EFDF1EB0D3E888BE7D6F0,IMPHASH=62935820E434AF643547B7F5F5BD0292

ParentProcessGuid: {00000000-0000-0000-0000-000000000000}

ParentProcessId: 1688

ParentImage: -

ParentCommandLine: -

ParentUser: -</Message>
      <Level>Information</Level>
      <Task>Process Create (rule: ProcessCreate)</Task>
      <Opcode>Info</Opcode>
    </RenderingInfo>
  </Event>
  
"
Microsoft-Windows-Sysmon/Operational,"""C:\Windows\system32\HOSTNAME.EXE""",Microsoft Corporation,WinDev2309Eval,,C:\Users\User\,Hostname APP,1,19570,10.0.22621.2506 (WinBuild.160101.0800),"MD5=E1EA6EFF1F45AA136A2A2E18EACC1F73,SHA256=4634E6685E402CC3CC8843589F4E8D8AC515F5F05D319E835A262B69B32BDB45,IMPHASH=23013EDF627646AB5226D15AC880BAD8",C:\Windows\System32\HOSTNAME.EXE,Medium,0x8000000000000000,Information,{f57bd86a-36f9-658c-7bf8-020000000000},0x2f87b,"Process Create:

RuleName: -

UtcTime: 2023-12-27 20:42:33.895

ProcessGuid: {f57bd86a-8c39-658c-c201-000000000f00}

ProcessId: 5692

Image: C:\Windows\System32\HOSTNAME.EXE

FileVersion: 10.0.22621.2506 (WinBuild.160101.0800)

Description: Hostname APP

Product: Microsoft® Windows® Operating System

Company: Microsoft Corporation

OriginalFileName: hostname.exe

CommandLine: ""C:\Windows\system32\HOSTNAME.EXE""

CurrentDirectory: C:\Users\User\

User: WINDEV2309EVAL\User

LogonGuid: {f57bd86a-36f9-658c-7bf8-020000000000}

LogonId: 0x2F87B

TerminalSessionId: 1

IntegrityLevel: Medium

Hashes: MD5=E1EA6EFF1F45AA136A2A2E18EACC1F73,SHA256=4634E6685E402CC3CC8843589F4E8D8AC515F5F05D319E835A262B69B32BDB45,IMPHASH=23013EDF627646AB5226D15AC880BAD8

ParentProcessGuid: {00000000-0000-0000-0000-000000000000}

ParentProcessId: 1688

ParentImage: -

ParentCommandLine: -

ParentUser: -",Info,hostname.exe,-,-,{00000000-0000-0000-0000-000000000000},1688,-,{f57bd86a-8c39-658c-c201-000000000f00},3588,5692,Microsoft® Windows® Operating System,,,,"
      ",-,2023-12-27T20:42:33.8961856Z,,Process Create (rule: ProcessCreate),1,5124,WINDEV2309EVAL\User,S-1-5-18,2023-12-27 20:42:33.895,5,"<Event xmlns=""http://schemas.microsoft.com/win/2004/08/events/event"">
    <System>
      <Provider Name=""Microsoft-Windows-Sysmon"" Guid=""{5770385f-c22a-43e0-bf4c-06f5698ffbd9}""/>
      <EventID>1</EventID>
      <Version>5</Version>
      <Level>4</Level>
      <Task>1</Task>
      <Opcode>0</Opcode>
      <Keywords>0x8000000000000000</Keywords>
      <TimeCreated SystemTime=""2023-12-27T20:42:33.8961856Z""/>
      <EventRecordID>19570</EventRecordID>
      <Correlation/>
      <Execution ProcessID=""3588"" ThreadID=""5124""/>
      <Channel>Microsoft-Windows-Sysmon/Operational</Channel>
      <Computer>WinDev2309Eval</Computer>
      <Security UserID=""S-1-5-18""/>
    </System>
    <EventData>
      <Data Name=""RuleName"">-</Data>
      <Data Name=""UtcTime"">2023-12-27 20:42:33.895</Data>
      <Data Name=""ProcessGuid"">{f57bd86a-8c39-658c-c201-000000000f00}</Data>
      <Data Name=""ProcessId"">5692</Data>
      <Data Name=""Image"">C:\Windows\System32\HOSTNAME.EXE</Data>
      <Data Name=""FileVersion"">10.0.22621.2506 (WinBuild.160101.0800)</Data>
      <Data Name=""Description"">Hostname APP</Data>
      <Data Name=""Product"">Microsoft&#174; Windows&#174; Operating System</Data>
      <Data Name=""Company"">Microsoft Corporation</Data>
      <Data Name=""OriginalFileName"">hostname.exe</Data>
      <Data Name=""CommandLine"">""C:\Windows\system32\HOSTNAME.EXE""</Data>
      <Data Name=""CurrentDirectory"">C:\Users\User\</Data>
      <Data Name=""User"">WINDEV2309EVAL\User</Data>
      <Data Name=""LogonGuid"">{f57bd86a-36f9-658c-7bf8-020000000000}</Data>
      <Data Name=""LogonId"">0x2f87b</Data>
      <Data Name=""TerminalSessionId"">1</Data>
      <Data Name=""IntegrityLevel"">Medium</Data>
      <Data Name=""Hashes"">MD5=E1EA6EFF1F45AA136A2A2E18EACC1F73,SHA256=4634E6685E402CC3CC8843589F4E8D8AC515F5F05D319E835A262B69B32BDB45,IMPHASH=23013EDF627646AB5226D15AC880BAD8</Data>
      <Data Name=""ParentProcessGuid"">{00000000-0000-0000-0000-000000000000}</Data>
      <Data Name=""ParentProcessId"">1688</Data>
      <Data Name=""ParentImage"">-</Data>
      <Data Name=""ParentCommandLine"">-</Data>
      <Data Name=""ParentUser"">-</Data>
    </EventData>
    <RenderingInfo Culture=""en-US"">
      <Message>Process Create:

RuleName: -

UtcTime: 2023-12-27 20:42:33.895

ProcessGuid: {f57bd86a-8c39-658c-c201-000000000f00}

ProcessId: 5692

Image: C:\Windows\System32\HOSTNAME.EXE

FileVersion: 10.0.22621.2506 (WinBuild.160101.0800)

Description: Hostname APP

Product: Microsoft&#174; Windows&#174; Operating System

Company: Microsoft Corporation

OriginalFileName: hostname.exe

CommandLine: ""C:\Windows\system32\HOSTNAME.EXE""

CurrentDirectory: C:\Users\User\

User: WINDEV2309EVAL\User

LogonGuid: {f57bd86a-36f9-658c-7bf8-020000000000}

LogonId: 0x2F87B

TerminalSessionId: 1

IntegrityLevel: Medium

Hashes: MD5=E1EA6EFF1F45AA136A2A2E18EACC1F73,SHA256=4634E6685E402CC3CC8843589F4E8D8AC515F5F05D319E835A262B69B32BDB45,IMPHASH=23013EDF627646AB5226D15AC880BAD8

ParentProcessGuid: {00000000-0000-0000-0000-000000000000}

ParentProcessId: 1688

ParentImage: -

ParentCommandLine: -

ParentUser: -</Message>
      <Level>Information</Level>
      <Task>Process Create (rule: ProcessCreate)</Task>
      <Opcode>Info</Opcode>
    </RenderingInfo>
  </Event>
  
"
Microsoft-Windows-Sysmon/Operational,,,WinDev2309Eval,,,,22,19569,,,C:\Program Files (x86)\Microsoft\EdgeWebView\Application\120.0.2210.91\msedgewebview2.exe,,0x8000000000000000,Information,,,"Dns query:

RuleName: -

UtcTime: 2023-12-27 14:51:54.926

ProcessGuid: {f57bd86a-382d-658c-4e01-000000000f00}

ProcessId: 4456

QueryName: img-s-msn-com.akamaized.net

QueryStatus: 0

QueryResults: type: 5 a1834.dscg2.akamai.net;::ffff:104.77.160.143;::ffff:104.77.160.140;

Image: C:\Program Files (x86)\Microsoft\EdgeWebView\Application\120.0.2210.91\msedgewebview2.exe

User: WINDEV2309EVAL\User",Info,,,,,,,{f57bd86a-382d-658c-4e01-000000000f00},3588,4456,,img-s-msn-com.akamaized.net,type: 5 a1834.dscg2.akamai.net;::ffff:104.77.160.143;::ffff:104.77.160.140;,0,"
      ",-,2023-12-27T20:42:27.1672896Z,,Dns query (rule: DnsQuery),,5164,WINDEV2309EVAL\User,S-1-5-18,2023-12-27 14:51:54.926,5,"<Event xmlns=""http://schemas.microsoft.com/win/2004/08/events/event"">
    <System>
      <Provider Name=""Microsoft-Windows-Sysmon"" Guid=""{5770385f-c22a-43e0-bf4c-06f5698ffbd9}""/>
      <EventID>22</EventID>
      <Version>5</Version>
      <Level>4</Level>
      <Task>22</Task>
      <Opcode>0</Opcode>
      <Keywords>0x8000000000000000</Keywords>
      <TimeCreated SystemTime=""2023-12-27T20:42:27.1672896Z""/>
      <EventRecordID>19569</EventRecordID>
      <Correlation/>
      <Execution ProcessID=""3588"" ThreadID=""5164""/>
      <Channel>Microsoft-Windows-Sysmon/Operational</Channel>
      <Computer>WinDev2309Eval</Computer>
      <Security UserID=""S-1-5-18""/>
    </System>
    <EventData>
      <Data Name=""RuleName"">-</Data>
      <Data Name=""UtcTime"">2023-12-27 14:51:54.926</Data>
      <Data Name=""ProcessGuid"">{f57bd86a-382d-658c-4e01-000000000f00}</Data>
      <Data Name=""ProcessId"">4456</Data>
      <Data Name=""QueryName"">img-s-msn-com.akamaized.net</Data>
      <Data Name=""QueryStatus"">0</Data>
      <Data Name=""QueryResults"">type: 5 a1834.dscg2.akamai.net;::ffff:104.77.160.143;::ffff:104.77.160.140;</Data>
      <Data Name=""Image"">C:\Program Files (x86)\Microsoft\EdgeWebView\Application\120.0.2210.91\msedgewebview2.exe</Data>
      <Data Name=""User"">WINDEV2309EVAL\User</Data>
    </EventData>
    <RenderingInfo Culture=""en-US"">
      <Message>Dns query:

RuleName: -

UtcTime: 2023-12-27 14:51:54.926

ProcessGuid: {f57bd86a-382d-658c-4e01-000000000f00}

ProcessId: 4456

QueryName: img-s-msn-com.akamaized.net

QueryStatus: 0

QueryResults: type: 5 a1834.dscg2.akamai.net;::ffff:104.77.160.143;::ffff:104.77.160.140;

Image: C:\Program Files (x86)\Microsoft\EdgeWebView\Application\120.0.2210.91\msedgewebview2.exe

User: WINDEV2309EVAL\User</Message>
      <Level>Information</Level>
      <Task>Dns query (rule: DnsQuery)</Task>
      <Opcode>Info</Opcode>
    </RenderingInfo>
  </Event>

"
